--
-- PostgreSQL database dump
--

-- Dumped from database version 15.5
-- Dumped by pg_dump version 15.5

SET statement_timeout = 0;
SET lock_timeout = 0;
SET idle_in_transaction_session_timeout = 0;
SET client_encoding = 'UTF8';
SET standard_conforming_strings = on;
SELECT pg_catalog.set_config('search_path', '', false);
SET check_function_bodies = false;
SET xmloption = content;
SET client_min_messages = warning;
SET row_security = off;

SET default_tablespace = '';

SET default_table_access_method = heap;

--
-- Name: __EFMigrationsHistory; Type: TABLE; Schema: public; Owner: postgres
--

CREATE TABLE public."__EFMigrationsHistory" (
    "MigrationId" character varying(150) NOT NULL,
    "ProductVersion" character varying(32) NOT NULL
);


ALTER TABLE public."__EFMigrationsHistory" OWNER TO postgres;

--
-- Name: auditoria; Type: TABLE; Schema: public; Owner: postgres
--

CREATE TABLE public.auditoria (
    auditoriaid uuid NOT NULL,
    data text NOT NULL,
    hora text NOT NULL,
    operacao text NOT NULL,
    nomeentidade text NOT NULL,
    valoresantigos text,
    novosvalores text,
    idusuario integer NOT NULL
);


ALTER TABLE public.auditoria OWNER TO postgres;

--
-- Name: despesa; Type: TABLE; Schema: public; Owner: postgres
--

CREATE TABLE public.despesa (
    despesaid integer NOT NULL,
    numerodocumento character varying(50) NOT NULL,
    numerocontrole character varying(50) NOT NULL,
    anomesconsumo character varying(50) NOT NULL,
    quantidadeconsumida double precision NOT NULL,
    datavencimento date NOT NULL,
    valorprevisto double precision NOT NULL,
    datapagamento date NOT NULL,
    valorpago double precision NOT NULL,
    anoemissao integer NOT NULL,
    semestreemissao integer NOT NULL,
    trimestreemissao integer NOT NULL,
    mesemissao integer NOT NULL,
    situcao integer NOT NULL,
    fornecedorid integer NOT NULL,
    unidadeconsumidoraid integer NOT NULL,
    instituicaoid integer NOT NULL,
    orcamentoid integer NOT NULL,
    tipodespesaid integer NOT NULL,
    statusdespesa integer NOT NULL,
    usuarioid integer NOT NULL,
    "FornecedorModelId" integer,
    "InstituicaoModelId" integer,
    "OrcamentoModelId" integer,
    "TipoDespesaModelId" integer,
    "UsuarioModelId" integer
);


ALTER TABLE public.despesa OWNER TO postgres;

--
-- Name: despesa_despesaid_seq; Type: SEQUENCE; Schema: public; Owner: postgres
--

ALTER TABLE public.despesa ALTER COLUMN despesaid ADD GENERATED BY DEFAULT AS IDENTITY (
    SEQUENCE NAME public.despesa_despesaid_seq
    START WITH 1
    INCREMENT BY 1
    NO MINVALUE
    NO MAXVALUE
    CACHE 1
);


--
-- Name: fornecedor; Type: TABLE; Schema: public; Owner: postgres
--

CREATE TABLE public.fornecedor (
    fornecedorid integer NOT NULL,
    nomefantasia character varying(100) NOT NULL,
    situcao integer NOT NULL,
    cnpj character varying(14) NOT NULL,
    nome character varying(100) NOT NULL,
    logradouro character varying(100) NOT NULL,
    numero character varying(15) NOT NULL,
    bairro character varying(100) NOT NULL,
    cep character varying(8) NOT NULL,
    telefone character varying(11) NOT NULL,
    email character varying(100) NOT NULL,
    cidade character varying(25) NOT NULL,
    estado character varying(25) NOT NULL
);


ALTER TABLE public.fornecedor OWNER TO postgres;

--
-- Name: fornecedor_fornecedorid_seq; Type: SEQUENCE; Schema: public; Owner: postgres
--

ALTER TABLE public.fornecedor ALTER COLUMN fornecedorid ADD GENERATED BY DEFAULT AS IDENTITY (
    SEQUENCE NAME public.fornecedor_fornecedorid_seq
    START WITH 1
    INCREMENT BY 1
    NO MINVALUE
    NO MAXVALUE
    CACHE 1
);


--
-- Name: instituicao; Type: TABLE; Schema: public; Owner: postgres
--

CREATE TABLE public.instituicao (
    instituicaoid integer NOT NULL,
    situcao integer NOT NULL,
    cnpj character varying(14) NOT NULL,
    nome character varying(100) NOT NULL,
    logradouro character varying(100) NOT NULL,
    numero character varying(15) NOT NULL,
    bairro character varying(100) NOT NULL,
    cep character varying(8) NOT NULL,
    nomerazaosocial character varying(100) NOT NULL,
    telefone character varying(11) NOT NULL,
    email character varying(100) NOT NULL,
    cidade character varying(50) NOT NULL,
    estado character varying(50) NOT NULL,
    tipoinstituicaoid integer NOT NULL,
    secretariaid integer NOT NULL,
    "SecretariaModelId" integer,
    "TipoInstituicaoModelId" integer
);


ALTER TABLE public.instituicao OWNER TO postgres;

--
-- Name: instituicao_instituicaoid_seq; Type: SEQUENCE; Schema: public; Owner: postgres
--

ALTER TABLE public.instituicao ALTER COLUMN instituicaoid ADD GENERATED BY DEFAULT AS IDENTITY (
    SEQUENCE NAME public.instituicao_instituicaoid_seq
    START WITH 1
    INCREMENT BY 1
    NO MINVALUE
    NO MAXVALUE
    CACHE 1
);


--
-- Name: orcamento; Type: TABLE; Schema: public; Owner: postgres
--

CREATE TABLE public.orcamento (
    orcamentoid integer NOT NULL,
    anoorcamento integer NOT NULL,
    valororcamento double precision NOT NULL,
    tipodespesaid integer NOT NULL,
    instituicaoid integer NOT NULL,
    "InstituicaoModelId" integer,
    "TipoDespesaModelId" integer
);


ALTER TABLE public.orcamento OWNER TO postgres;

--
-- Name: orcamento_orcamentoid_seq; Type: SEQUENCE; Schema: public; Owner: postgres
--

ALTER TABLE public.orcamento ALTER COLUMN orcamentoid ADD GENERATED BY DEFAULT AS IDENTITY (
    SEQUENCE NAME public.orcamento_orcamentoid_seq
    START WITH 1
    INCREMENT BY 1
    NO MINVALUE
    NO MAXVALUE
    CACHE 1
);


--
-- Name: secretaria; Type: TABLE; Schema: public; Owner: postgres
--

CREATE TABLE public.secretaria (
    secretariaid integer NOT NULL,
    situcao integer NOT NULL,
    descricao character varying(100) NOT NULL,
    cnpj character varying(14) NOT NULL,
    nome character varying(100) NOT NULL,
    logradouro character varying(100) NOT NULL,
    numero character varying(15) NOT NULL,
    bairro character varying(100) NOT NULL,
    cep character varying(8) NOT NULL,
    nomerazaosocial character varying(100) NOT NULL,
    telefone character varying(11) NOT NULL,
    email character varying(100) NOT NULL,
    cidade character varying(25) NOT NULL,
    estado character varying(25) NOT NULL
);


ALTER TABLE public.secretaria OWNER TO postgres;

--
-- Name: secretaria_secretariaid_seq; Type: SEQUENCE; Schema: public; Owner: postgres
--

ALTER TABLE public.secretaria ALTER COLUMN secretariaid ADD GENERATED BY DEFAULT AS IDENTITY (
    SEQUENCE NAME public.secretaria_secretariaid_seq
    START WITH 1
    INCREMENT BY 1
    NO MINVALUE
    NO MAXVALUE
    CACHE 1
);


--
-- Name: tipodespesa; Type: TABLE; Schema: public; Owner: postgres
--

CREATE TABLE public.tipodespesa (
    tipodespesaid integer NOT NULL,
    descricao character varying(50) NOT NULL,
    solicitauc integer NOT NULL,
    idunidademedida integer NOT NULL,
    "UnidadeMedidaModelId" integer
);


ALTER TABLE public.tipodespesa OWNER TO postgres;

--
-- Name: tipodespesa_tipodespesaid_seq; Type: SEQUENCE; Schema: public; Owner: postgres
--

ALTER TABLE public.tipodespesa ALTER COLUMN tipodespesaid ADD GENERATED BY DEFAULT AS IDENTITY (
    SEQUENCE NAME public.tipodespesa_tipodespesaid_seq
    START WITH 1
    INCREMENT BY 1
    NO MINVALUE
    NO MAXVALUE
    CACHE 1
);


--
-- Name: tipoinstituicao; Type: TABLE; Schema: public; Owner: postgres
--

CREATE TABLE public.tipoinstituicao (
    tipoinstituicaoid integer NOT NULL,
    descricao character varying(100) NOT NULL
);


ALTER TABLE public.tipoinstituicao OWNER TO postgres;

--
-- Name: tipoinstituicao_tipoinstituicaoid_seq; Type: SEQUENCE; Schema: public; Owner: postgres
--

ALTER TABLE public.tipoinstituicao ALTER COLUMN tipoinstituicaoid ADD GENERATED BY DEFAULT AS IDENTITY (
    SEQUENCE NAME public.tipoinstituicao_tipoinstituicaoid_seq
    START WITH 1
    INCREMENT BY 1
    NO MINVALUE
    NO MAXVALUE
    CACHE 1
);


--
-- Name: unidadeconsumidora; Type: TABLE; Schema: public; Owner: postgres
--

CREATE TABLE public.unidadeconsumidora (
    unidadeconsumidoraid integer NOT NULL,
    unidadeconsumidora character varying(50) NOT NULL,
    fornecedorid integer NOT NULL,
    instituicaoid integer NOT NULL,
    "FornecedorModelId" integer,
    "InstituicaoModelId" integer
);


ALTER TABLE public.unidadeconsumidora OWNER TO postgres;

--
-- Name: unidadeconsumidora_unidadeconsumidoraid_seq; Type: SEQUENCE; Schema: public; Owner: postgres
--

ALTER TABLE public.unidadeconsumidora ALTER COLUMN unidadeconsumidoraid ADD GENERATED BY DEFAULT AS IDENTITY (
    SEQUENCE NAME public.unidadeconsumidora_unidadeconsumidoraid_seq
    START WITH 1
    INCREMENT BY 1
    NO MINVALUE
    NO MAXVALUE
    CACHE 1
);


--
-- Name: unidademedida; Type: TABLE; Schema: public; Owner: postgres
--

CREATE TABLE public.unidademedida (
    unidademedidaid integer NOT NULL,
    "descrição" character varying(100) NOT NULL,
    abreviatura character varying(10) NOT NULL
);


ALTER TABLE public.unidademedida OWNER TO postgres;

--
-- Name: unidademedida_unidademedidaid_seq; Type: SEQUENCE; Schema: public; Owner: postgres
--

ALTER TABLE public.unidademedida ALTER COLUMN unidademedidaid ADD GENERATED BY DEFAULT AS IDENTITY (
    SEQUENCE NAME public.unidademedida_unidademedidaid_seq
    START WITH 1
    INCREMENT BY 1
    NO MINVALUE
    NO MAXVALUE
    CACHE 1
);


--
-- Name: usuario; Type: TABLE; Schema: public; Owner: postgres
--

CREATE TABLE public.usuario (
    usuarioid integer NOT NULL,
    cpf character varying(11) NOT NULL,
    rg character varying(12) NOT NULL,
    nome character varying(100) NOT NULL,
    logradouro character varying(100) NOT NULL,
    numero character varying(15) NOT NULL,
    cidade character varying(25) NOT NULL,
    estado character varying(25) NOT NULL,
    cep character varying(8) NOT NULL,
    email character varying(100) NOT NULL,
    senha character varying(15) NOT NULL,
    bairro character varying(100) NOT NULL,
    situcao integer NOT NULL,
    matricula character varying(100) NOT NULL,
    tipousuario integer NOT NULL
);


ALTER TABLE public.usuario OWNER TO postgres;

--
-- Name: usuario_usuarioid_seq; Type: SEQUENCE; Schema: public; Owner: postgres
--

ALTER TABLE public.usuario ALTER COLUMN usuarioid ADD GENERATED BY DEFAULT AS IDENTITY (
    SEQUENCE NAME public.usuario_usuarioid_seq
    START WITH 1
    INCREMENT BY 1
    NO MINVALUE
    NO MAXVALUE
    CACHE 1
);


--
-- Data for Name: __EFMigrationsHistory; Type: TABLE DATA; Schema: public; Owner: postgres
--

COPY public."__EFMigrationsHistory" ("MigrationId", "ProductVersion") FROM stdin;
20241015113845_Database	8.0.6
\.


--
-- Data for Name: auditoria; Type: TABLE DATA; Schema: public; Owner: postgres
--

COPY public.auditoria (auditoriaid, data, hora, operacao, nomeentidade, valoresantigos, novosvalores, idusuario) FROM stdin;
\.


--
-- Data for Name: despesa; Type: TABLE DATA; Schema: public; Owner: postgres
--

COPY public.despesa (despesaid, numerodocumento, numerocontrole, anomesconsumo, quantidadeconsumida, datavencimento, valorprevisto, datapagamento, valorpago, anoemissao, semestreemissao, trimestreemissao, mesemissao, situcao, fornecedorid, unidadeconsumidoraid, instituicaoid, orcamentoid, tipodespesaid, statusdespesa, usuarioid, "FornecedorModelId", "InstituicaoModelId", "OrcamentoModelId", "TipoDespesaModelId", "UsuarioModelId") FROM stdin;
1	DOC001	NC001	202401	100.5	2024-01-31	1500	2024-02-05	1400	2024	1	1	1	1	1	1	1	1	1	0	1	\N	\N	\N	\N	\N
2	DOC002	NC002	202401	200	2024-02-28	3000	2024-03-05	2900	2024	1	1	2	1	2	2	2	2	2	0	2	\N	\N	\N	\N	\N
\.


--
-- Data for Name: fornecedor; Type: TABLE DATA; Schema: public; Owner: postgres
--

COPY public.fornecedor (fornecedorid, nomefantasia, situcao, cnpj, nome, logradouro, numero, bairro, cep, telefone, email, cidade, estado) FROM stdin;
1	Sabesp	1	12345678000195	Cia de Saneamento Básico do Estado de São Paulo	Rua das Inovações	123	Centro	12345678	17987654321	contato@sabesp.com	Jales	São Paulo
2	Elektro	1	98765432000190	Neoenergia Elektro	Avenida Brasil	456	Jardim América	87654321	17987654321	contatos@elektro.com	Jales	São Paulo
\.


--
-- Data for Name: instituicao; Type: TABLE DATA; Schema: public; Owner: postgres
--

COPY public.instituicao (instituicaoid, situcao, cnpj, nome, logradouro, numero, bairro, cep, nomerazaosocial, telefone, email, cidade, estado, tipoinstituicaoid, secretariaid, "SecretariaModelId", "TipoInstituicaoModelId") FROM stdin;
1	1	12345678000195	Elza Pirro	Rua dos Educadores	100	Centro	12345678	Elza Pirro Vianna	11987654321	contato@escolaelzapirro@gamil.com	Jales	São Paulo	4	2	\N	\N
2	0	98765432000190	ESF JACB	Avenida da Saúde	200	Jardim América	87654321	Dr Luis Ernesto Sandi Mori 	21987654321	contato@centrosaude.sp.gov.br	Jales	São Paulo	5	1	\N	\N
\.


--
-- Data for Name: orcamento; Type: TABLE DATA; Schema: public; Owner: postgres
--

COPY public.orcamento (orcamentoid, anoorcamento, valororcamento, tipodespesaid, instituicaoid, "InstituicaoModelId", "TipoDespesaModelId") FROM stdin;
1	2024	5000000	1	1	\N	\N
2	2024	1200000	2	2	\N	\N
\.


--
-- Data for Name: secretaria; Type: TABLE DATA; Schema: public; Owner: postgres
--

COPY public.secretaria (secretariaid, situcao, descricao, cnpj, nome, logradouro, numero, bairro, cep, nomerazaosocial, telefone, email, cidade, estado) FROM stdin;
1	1	Secretaria de Saúde	12345678000195	Sec. Saúde	Rua Central	100	Centro	12345678	Prefeitura Municipal	11987654321	saude@prefeitura.com	Jales	São Paulo
2	1	Secretaria de Educação	98765432000190	Sec. Educação	Avenida da Cultura	200	Jardim Paulista	87654321	Prefeitura Municipal	21987654321	educacao@prefeitura.com	Jales	São Paulo
3	0	Secretaria de Obras	23456789000188	Sec. Obras	Rua das Construções	300	Vila Nova	65432187	Prefeitura Municipal	31987654321	obras@prefeitura.com	Jales	São Paulo
\.


--
-- Data for Name: tipodespesa; Type: TABLE DATA; Schema: public; Owner: postgres
--

COPY public.tipodespesa (tipodespesaid, descricao, solicitauc, idunidademedida, "UnidadeMedidaModelId") FROM stdin;
1	Água	1	2	\N
2	Energia	0	6	\N
\.


--
-- Data for Name: tipoinstituicao; Type: TABLE DATA; Schema: public; Owner: postgres
--

COPY public.tipoinstituicao (tipoinstituicaoid, descricao) FROM stdin;
1	Universidade
2	Faculdade
3	Escola Técnica
4	Escola
5	ESF
\.


--
-- Data for Name: unidadeconsumidora; Type: TABLE DATA; Schema: public; Owner: postgres
--

COPY public.unidadeconsumidora (unidadeconsumidoraid, unidadeconsumidora, fornecedorid, instituicaoid, "FornecedorModelId", "InstituicaoModelId") FROM stdin;
1	00001	1	1	\N	\N
2	00002	2	2	\N	\N
\.


--
-- Data for Name: unidademedida; Type: TABLE DATA; Schema: public; Owner: postgres
--

COPY public.unidademedida (unidademedidaid, "descrição", abreviatura) FROM stdin;
1	Quilograma	kg
2	Litro	L
3	Metro	m
4	Centímetro	cm
5	Milímetro	mm
6	Kilowatt	kW
\.


--
-- Data for Name: usuario; Type: TABLE DATA; Schema: public; Owner: postgres
--

COPY public.usuario (usuarioid, cpf, rg, nome, logradouro, numero, cidade, estado, cep, email, senha, bairro, situcao, matricula, tipousuario) FROM stdin;
1	12345678901	123456789	João Silva	Rua A	10	Jales	São Paulo	12345678	joao.silva@gmail.com	senha123	Centro	1	20240001	0
2	98765432100	987654321	Maria Souza	Avenida B	20	Jales	São Paulo	87654321	maria.souza@example.com	senha456	Centro	0	20240002	1
3	98785432100	787654321	Rafael Andrade	Avenida C	30	Jales	São Paulo	87654330	rafael.andrade@gmail.com	senha789	Nova York	1	20240003	2
\.


--
-- Name: despesa_despesaid_seq; Type: SEQUENCE SET; Schema: public; Owner: postgres
--

SELECT pg_catalog.setval('public.despesa_despesaid_seq', 3, false);


--
-- Name: fornecedor_fornecedorid_seq; Type: SEQUENCE SET; Schema: public; Owner: postgres
--

SELECT pg_catalog.setval('public.fornecedor_fornecedorid_seq', 3, false);


--
-- Name: instituicao_instituicaoid_seq; Type: SEQUENCE SET; Schema: public; Owner: postgres
--

SELECT pg_catalog.setval('public.instituicao_instituicaoid_seq', 3, false);


--
-- Name: orcamento_orcamentoid_seq; Type: SEQUENCE SET; Schema: public; Owner: postgres
--

SELECT pg_catalog.setval('public.orcamento_orcamentoid_seq', 3, false);


--
-- Name: secretaria_secretariaid_seq; Type: SEQUENCE SET; Schema: public; Owner: postgres
--

SELECT pg_catalog.setval('public.secretaria_secretariaid_seq', 4, false);


--
-- Name: tipodespesa_tipodespesaid_seq; Type: SEQUENCE SET; Schema: public; Owner: postgres
--

SELECT pg_catalog.setval('public.tipodespesa_tipodespesaid_seq', 3, false);


--
-- Name: tipoinstituicao_tipoinstituicaoid_seq; Type: SEQUENCE SET; Schema: public; Owner: postgres
--

SELECT pg_catalog.setval('public.tipoinstituicao_tipoinstituicaoid_seq', 6, false);


--
-- Name: unidadeconsumidora_unidadeconsumidoraid_seq; Type: SEQUENCE SET; Schema: public; Owner: postgres
--

SELECT pg_catalog.setval('public.unidadeconsumidora_unidadeconsumidoraid_seq', 3, false);


--
-- Name: unidademedida_unidademedidaid_seq; Type: SEQUENCE SET; Schema: public; Owner: postgres
--

SELECT pg_catalog.setval('public.unidademedida_unidademedidaid_seq', 7, false);


--
-- Name: usuario_usuarioid_seq; Type: SEQUENCE SET; Schema: public; Owner: postgres
--

SELECT pg_catalog.setval('public.usuario_usuarioid_seq', 4, false);


--
-- Name: __EFMigrationsHistory PK___EFMigrationsHistory; Type: CONSTRAINT; Schema: public; Owner: postgres
--

ALTER TABLE ONLY public."__EFMigrationsHistory"
    ADD CONSTRAINT "PK___EFMigrationsHistory" PRIMARY KEY ("MigrationId");


--
-- Name: auditoria PK_auditoria; Type: CONSTRAINT; Schema: public; Owner: postgres
--

ALTER TABLE ONLY public.auditoria
    ADD CONSTRAINT "PK_auditoria" PRIMARY KEY (auditoriaid);


--
-- Name: despesa PK_despesa; Type: CONSTRAINT; Schema: public; Owner: postgres
--

ALTER TABLE ONLY public.despesa
    ADD CONSTRAINT "PK_despesa" PRIMARY KEY (despesaid);


--
-- Name: fornecedor PK_fornecedor; Type: CONSTRAINT; Schema: public; Owner: postgres
--

ALTER TABLE ONLY public.fornecedor
    ADD CONSTRAINT "PK_fornecedor" PRIMARY KEY (fornecedorid);


--
-- Name: instituicao PK_instituicao; Type: CONSTRAINT; Schema: public; Owner: postgres
--

ALTER TABLE ONLY public.instituicao
    ADD CONSTRAINT "PK_instituicao" PRIMARY KEY (instituicaoid);


--
-- Name: orcamento PK_orcamento; Type: CONSTRAINT; Schema: public; Owner: postgres
--

ALTER TABLE ONLY public.orcamento
    ADD CONSTRAINT "PK_orcamento" PRIMARY KEY (orcamentoid);


--
-- Name: secretaria PK_secretaria; Type: CONSTRAINT; Schema: public; Owner: postgres
--

ALTER TABLE ONLY public.secretaria
    ADD CONSTRAINT "PK_secretaria" PRIMARY KEY (secretariaid);


--
-- Name: tipodespesa PK_tipodespesa; Type: CONSTRAINT; Schema: public; Owner: postgres
--

ALTER TABLE ONLY public.tipodespesa
    ADD CONSTRAINT "PK_tipodespesa" PRIMARY KEY (tipodespesaid);


--
-- Name: tipoinstituicao PK_tipoinstituicao; Type: CONSTRAINT; Schema: public; Owner: postgres
--

ALTER TABLE ONLY public.tipoinstituicao
    ADD CONSTRAINT "PK_tipoinstituicao" PRIMARY KEY (tipoinstituicaoid);


--
-- Name: unidadeconsumidora PK_unidadeconsumidora; Type: CONSTRAINT; Schema: public; Owner: postgres
--

ALTER TABLE ONLY public.unidadeconsumidora
    ADD CONSTRAINT "PK_unidadeconsumidora" PRIMARY KEY (unidadeconsumidoraid);


--
-- Name: unidademedida PK_unidademedida; Type: CONSTRAINT; Schema: public; Owner: postgres
--

ALTER TABLE ONLY public.unidademedida
    ADD CONSTRAINT "PK_unidademedida" PRIMARY KEY (unidademedidaid);


--
-- Name: usuario PK_usuario; Type: CONSTRAINT; Schema: public; Owner: postgres
--

ALTER TABLE ONLY public.usuario
    ADD CONSTRAINT "PK_usuario" PRIMARY KEY (usuarioid);


--
-- Name: IX_despesa_FornecedorModelId; Type: INDEX; Schema: public; Owner: postgres
--

CREATE INDEX "IX_despesa_FornecedorModelId" ON public.despesa USING btree ("FornecedorModelId");


--
-- Name: IX_despesa_InstituicaoModelId; Type: INDEX; Schema: public; Owner: postgres
--

CREATE INDEX "IX_despesa_InstituicaoModelId" ON public.despesa USING btree ("InstituicaoModelId");


--
-- Name: IX_despesa_OrcamentoModelId; Type: INDEX; Schema: public; Owner: postgres
--

CREATE INDEX "IX_despesa_OrcamentoModelId" ON public.despesa USING btree ("OrcamentoModelId");


--
-- Name: IX_despesa_TipoDespesaModelId; Type: INDEX; Schema: public; Owner: postgres
--

CREATE INDEX "IX_despesa_TipoDespesaModelId" ON public.despesa USING btree ("TipoDespesaModelId");


--
-- Name: IX_despesa_UsuarioModelId; Type: INDEX; Schema: public; Owner: postgres
--

CREATE INDEX "IX_despesa_UsuarioModelId" ON public.despesa USING btree ("UsuarioModelId");


--
-- Name: IX_despesa_fornecedorid; Type: INDEX; Schema: public; Owner: postgres
--

CREATE INDEX "IX_despesa_fornecedorid" ON public.despesa USING btree (fornecedorid);


--
-- Name: IX_despesa_instituicaoid; Type: INDEX; Schema: public; Owner: postgres
--

CREATE INDEX "IX_despesa_instituicaoid" ON public.despesa USING btree (instituicaoid);


--
-- Name: IX_despesa_orcamentoid; Type: INDEX; Schema: public; Owner: postgres
--

CREATE INDEX "IX_despesa_orcamentoid" ON public.despesa USING btree (orcamentoid);


--
-- Name: IX_despesa_tipodespesaid; Type: INDEX; Schema: public; Owner: postgres
--

CREATE INDEX "IX_despesa_tipodespesaid" ON public.despesa USING btree (tipodespesaid);


--
-- Name: IX_despesa_unidadeconsumidoraid; Type: INDEX; Schema: public; Owner: postgres
--

CREATE INDEX "IX_despesa_unidadeconsumidoraid" ON public.despesa USING btree (unidadeconsumidoraid);


--
-- Name: IX_despesa_usuarioid; Type: INDEX; Schema: public; Owner: postgres
--

CREATE INDEX "IX_despesa_usuarioid" ON public.despesa USING btree (usuarioid);


--
-- Name: IX_instituicao_SecretariaModelId; Type: INDEX; Schema: public; Owner: postgres
--

CREATE INDEX "IX_instituicao_SecretariaModelId" ON public.instituicao USING btree ("SecretariaModelId");


--
-- Name: IX_instituicao_TipoInstituicaoModelId; Type: INDEX; Schema: public; Owner: postgres
--

CREATE INDEX "IX_instituicao_TipoInstituicaoModelId" ON public.instituicao USING btree ("TipoInstituicaoModelId");


--
-- Name: IX_instituicao_secretariaid; Type: INDEX; Schema: public; Owner: postgres
--

CREATE INDEX "IX_instituicao_secretariaid" ON public.instituicao USING btree (secretariaid);


--
-- Name: IX_instituicao_tipoinstituicaoid; Type: INDEX; Schema: public; Owner: postgres
--

CREATE INDEX "IX_instituicao_tipoinstituicaoid" ON public.instituicao USING btree (tipoinstituicaoid);


--
-- Name: IX_orcamento_InstituicaoModelId; Type: INDEX; Schema: public; Owner: postgres
--

CREATE INDEX "IX_orcamento_InstituicaoModelId" ON public.orcamento USING btree ("InstituicaoModelId");


--
-- Name: IX_orcamento_TipoDespesaModelId; Type: INDEX; Schema: public; Owner: postgres
--

CREATE INDEX "IX_orcamento_TipoDespesaModelId" ON public.orcamento USING btree ("TipoDespesaModelId");


--
-- Name: IX_orcamento_instituicaoid; Type: INDEX; Schema: public; Owner: postgres
--

CREATE INDEX "IX_orcamento_instituicaoid" ON public.orcamento USING btree (instituicaoid);


--
-- Name: IX_orcamento_tipodespesaid; Type: INDEX; Schema: public; Owner: postgres
--

CREATE INDEX "IX_orcamento_tipodespesaid" ON public.orcamento USING btree (tipodespesaid);


--
-- Name: IX_tipodespesa_UnidadeMedidaModelId; Type: INDEX; Schema: public; Owner: postgres
--

CREATE INDEX "IX_tipodespesa_UnidadeMedidaModelId" ON public.tipodespesa USING btree ("UnidadeMedidaModelId");


--
-- Name: IX_tipodespesa_idunidademedida; Type: INDEX; Schema: public; Owner: postgres
--

CREATE INDEX "IX_tipodespesa_idunidademedida" ON public.tipodespesa USING btree (idunidademedida);


--
-- Name: IX_unidadeconsumidora_FornecedorModelId; Type: INDEX; Schema: public; Owner: postgres
--

CREATE INDEX "IX_unidadeconsumidora_FornecedorModelId" ON public.unidadeconsumidora USING btree ("FornecedorModelId");


--
-- Name: IX_unidadeconsumidora_InstituicaoModelId; Type: INDEX; Schema: public; Owner: postgres
--

CREATE INDEX "IX_unidadeconsumidora_InstituicaoModelId" ON public.unidadeconsumidora USING btree ("InstituicaoModelId");


--
-- Name: IX_unidadeconsumidora_fornecedorid; Type: INDEX; Schema: public; Owner: postgres
--

CREATE INDEX "IX_unidadeconsumidora_fornecedorid" ON public.unidadeconsumidora USING btree (fornecedorid);


--
-- Name: IX_unidadeconsumidora_instituicaoid; Type: INDEX; Schema: public; Owner: postgres
--

CREATE INDEX "IX_unidadeconsumidora_instituicaoid" ON public.unidadeconsumidora USING btree (instituicaoid);


--
-- Name: despesa FK_despesa_fornecedor_FornecedorModelId; Type: FK CONSTRAINT; Schema: public; Owner: postgres
--

ALTER TABLE ONLY public.despesa
    ADD CONSTRAINT "FK_despesa_fornecedor_FornecedorModelId" FOREIGN KEY ("FornecedorModelId") REFERENCES public.fornecedor(fornecedorid);


--
-- Name: despesa FK_despesa_fornecedor_fornecedorid; Type: FK CONSTRAINT; Schema: public; Owner: postgres
--

ALTER TABLE ONLY public.despesa
    ADD CONSTRAINT "FK_despesa_fornecedor_fornecedorid" FOREIGN KEY (fornecedorid) REFERENCES public.fornecedor(fornecedorid) ON DELETE CASCADE;


--
-- Name: despesa FK_despesa_instituicao_InstituicaoModelId; Type: FK CONSTRAINT; Schema: public; Owner: postgres
--

ALTER TABLE ONLY public.despesa
    ADD CONSTRAINT "FK_despesa_instituicao_InstituicaoModelId" FOREIGN KEY ("InstituicaoModelId") REFERENCES public.instituicao(instituicaoid);


--
-- Name: despesa FK_despesa_instituicao_instituicaoid; Type: FK CONSTRAINT; Schema: public; Owner: postgres
--

ALTER TABLE ONLY public.despesa
    ADD CONSTRAINT "FK_despesa_instituicao_instituicaoid" FOREIGN KEY (instituicaoid) REFERENCES public.instituicao(instituicaoid) ON DELETE CASCADE;


--
-- Name: despesa FK_despesa_orcamento_OrcamentoModelId; Type: FK CONSTRAINT; Schema: public; Owner: postgres
--

ALTER TABLE ONLY public.despesa
    ADD CONSTRAINT "FK_despesa_orcamento_OrcamentoModelId" FOREIGN KEY ("OrcamentoModelId") REFERENCES public.orcamento(orcamentoid);


--
-- Name: despesa FK_despesa_orcamento_orcamentoid; Type: FK CONSTRAINT; Schema: public; Owner: postgres
--

ALTER TABLE ONLY public.despesa
    ADD CONSTRAINT "FK_despesa_orcamento_orcamentoid" FOREIGN KEY (orcamentoid) REFERENCES public.orcamento(orcamentoid) ON DELETE CASCADE;


--
-- Name: despesa FK_despesa_tipodespesa_TipoDespesaModelId; Type: FK CONSTRAINT; Schema: public; Owner: postgres
--

ALTER TABLE ONLY public.despesa
    ADD CONSTRAINT "FK_despesa_tipodespesa_TipoDespesaModelId" FOREIGN KEY ("TipoDespesaModelId") REFERENCES public.tipodespesa(tipodespesaid);


--
-- Name: despesa FK_despesa_tipodespesa_tipodespesaid; Type: FK CONSTRAINT; Schema: public; Owner: postgres
--

ALTER TABLE ONLY public.despesa
    ADD CONSTRAINT "FK_despesa_tipodespesa_tipodespesaid" FOREIGN KEY (tipodespesaid) REFERENCES public.tipodespesa(tipodespesaid) ON DELETE CASCADE;


--
-- Name: despesa FK_despesa_unidadeconsumidora_unidadeconsumidoraid; Type: FK CONSTRAINT; Schema: public; Owner: postgres
--

ALTER TABLE ONLY public.despesa
    ADD CONSTRAINT "FK_despesa_unidadeconsumidora_unidadeconsumidoraid" FOREIGN KEY (unidadeconsumidoraid) REFERENCES public.unidadeconsumidora(unidadeconsumidoraid) ON DELETE CASCADE;


--
-- Name: despesa FK_despesa_usuario_UsuarioModelId; Type: FK CONSTRAINT; Schema: public; Owner: postgres
--

ALTER TABLE ONLY public.despesa
    ADD CONSTRAINT "FK_despesa_usuario_UsuarioModelId" FOREIGN KEY ("UsuarioModelId") REFERENCES public.usuario(usuarioid);


--
-- Name: despesa FK_despesa_usuario_usuarioid; Type: FK CONSTRAINT; Schema: public; Owner: postgres
--

ALTER TABLE ONLY public.despesa
    ADD CONSTRAINT "FK_despesa_usuario_usuarioid" FOREIGN KEY (usuarioid) REFERENCES public.usuario(usuarioid) ON DELETE CASCADE;


--
-- Name: instituicao FK_instituicao_secretaria_SecretariaModelId; Type: FK CONSTRAINT; Schema: public; Owner: postgres
--

ALTER TABLE ONLY public.instituicao
    ADD CONSTRAINT "FK_instituicao_secretaria_SecretariaModelId" FOREIGN KEY ("SecretariaModelId") REFERENCES public.secretaria(secretariaid);


--
-- Name: instituicao FK_instituicao_secretaria_secretariaid; Type: FK CONSTRAINT; Schema: public; Owner: postgres
--

ALTER TABLE ONLY public.instituicao
    ADD CONSTRAINT "FK_instituicao_secretaria_secretariaid" FOREIGN KEY (secretariaid) REFERENCES public.secretaria(secretariaid) ON DELETE CASCADE;


--
-- Name: instituicao FK_instituicao_tipoinstituicao_TipoInstituicaoModelId; Type: FK CONSTRAINT; Schema: public; Owner: postgres
--

ALTER TABLE ONLY public.instituicao
    ADD CONSTRAINT "FK_instituicao_tipoinstituicao_TipoInstituicaoModelId" FOREIGN KEY ("TipoInstituicaoModelId") REFERENCES public.tipoinstituicao(tipoinstituicaoid);


--
-- Name: instituicao FK_instituicao_tipoinstituicao_tipoinstituicaoid; Type: FK CONSTRAINT; Schema: public; Owner: postgres
--

ALTER TABLE ONLY public.instituicao
    ADD CONSTRAINT "FK_instituicao_tipoinstituicao_tipoinstituicaoid" FOREIGN KEY (tipoinstituicaoid) REFERENCES public.tipoinstituicao(tipoinstituicaoid) ON DELETE CASCADE;


--
-- Name: orcamento FK_orcamento_instituicao_InstituicaoModelId; Type: FK CONSTRAINT; Schema: public; Owner: postgres
--

ALTER TABLE ONLY public.orcamento
    ADD CONSTRAINT "FK_orcamento_instituicao_InstituicaoModelId" FOREIGN KEY ("InstituicaoModelId") REFERENCES public.instituicao(instituicaoid);


--
-- Name: orcamento FK_orcamento_instituicao_instituicaoid; Type: FK CONSTRAINT; Schema: public; Owner: postgres
--

ALTER TABLE ONLY public.orcamento
    ADD CONSTRAINT "FK_orcamento_instituicao_instituicaoid" FOREIGN KEY (instituicaoid) REFERENCES public.instituicao(instituicaoid) ON DELETE CASCADE;


--
-- Name: orcamento FK_orcamento_tipodespesa_TipoDespesaModelId; Type: FK CONSTRAINT; Schema: public; Owner: postgres
--

ALTER TABLE ONLY public.orcamento
    ADD CONSTRAINT "FK_orcamento_tipodespesa_TipoDespesaModelId" FOREIGN KEY ("TipoDespesaModelId") REFERENCES public.tipodespesa(tipodespesaid);


--
-- Name: orcamento FK_orcamento_tipodespesa_tipodespesaid; Type: FK CONSTRAINT; Schema: public; Owner: postgres
--

ALTER TABLE ONLY public.orcamento
    ADD CONSTRAINT "FK_orcamento_tipodespesa_tipodespesaid" FOREIGN KEY (tipodespesaid) REFERENCES public.tipodespesa(tipodespesaid) ON DELETE CASCADE;


--
-- Name: tipodespesa FK_tipodespesa_unidademedida_UnidadeMedidaModelId; Type: FK CONSTRAINT; Schema: public; Owner: postgres
--

ALTER TABLE ONLY public.tipodespesa
    ADD CONSTRAINT "FK_tipodespesa_unidademedida_UnidadeMedidaModelId" FOREIGN KEY ("UnidadeMedidaModelId") REFERENCES public.unidademedida(unidademedidaid);


--
-- Name: tipodespesa FK_tipodespesa_unidademedida_idunidademedida; Type: FK CONSTRAINT; Schema: public; Owner: postgres
--

ALTER TABLE ONLY public.tipodespesa
    ADD CONSTRAINT "FK_tipodespesa_unidademedida_idunidademedida" FOREIGN KEY (idunidademedida) REFERENCES public.unidademedida(unidademedidaid) ON DELETE CASCADE;


--
-- Name: unidadeconsumidora FK_unidadeconsumidora_fornecedor_FornecedorModelId; Type: FK CONSTRAINT; Schema: public; Owner: postgres
--

ALTER TABLE ONLY public.unidadeconsumidora
    ADD CONSTRAINT "FK_unidadeconsumidora_fornecedor_FornecedorModelId" FOREIGN KEY ("FornecedorModelId") REFERENCES public.fornecedor(fornecedorid);


--
-- Name: unidadeconsumidora FK_unidadeconsumidora_fornecedor_fornecedorid; Type: FK CONSTRAINT; Schema: public; Owner: postgres
--

ALTER TABLE ONLY public.unidadeconsumidora
    ADD CONSTRAINT "FK_unidadeconsumidora_fornecedor_fornecedorid" FOREIGN KEY (fornecedorid) REFERENCES public.fornecedor(fornecedorid) ON DELETE CASCADE;


--
-- Name: unidadeconsumidora FK_unidadeconsumidora_instituicao_InstituicaoModelId; Type: FK CONSTRAINT; Schema: public; Owner: postgres
--

ALTER TABLE ONLY public.unidadeconsumidora
    ADD CONSTRAINT "FK_unidadeconsumidora_instituicao_InstituicaoModelId" FOREIGN KEY ("InstituicaoModelId") REFERENCES public.instituicao(instituicaoid);


--
-- Name: unidadeconsumidora FK_unidadeconsumidora_instituicao_instituicaoid; Type: FK CONSTRAINT; Schema: public; Owner: postgres
--

ALTER TABLE ONLY public.unidadeconsumidora
    ADD CONSTRAINT "FK_unidadeconsumidora_instituicao_instituicaoid" FOREIGN KEY (instituicaoid) REFERENCES public.instituicao(instituicaoid) ON DELETE CASCADE;


--
-- PostgreSQL database dump complete
--

